성별,시험
남,합격
남,합격
남,합격
남,합격
남,합격
남,합격
남,합격
남,합격
남,합격
남,합격
남,합격
남,합격
남,합격
남,합격
남,합격
남,불합격
남,불합격
남,불합격
남,불합격
남,불합격
남,불합격
남,불합격
남,불합격
남,불합격
남,불합격
남,불합격
남,불합격
남,불합격
남,불합격
남,불합격
남,불합격
남,불합격
남,불합격
남,불합격
남,불합격
남,불합격
남,불합격
남,불합격
남,불합격
남,불합격
남,불합격
남,불합격
남,불합격
남,불합격
남,불합격
남,불합격
남,불합격
남,불합격
남,불합격
남,불합격
남,불합격
남,불합격
남,불합격
남,불합격
남,불합격
남,불합격
남,불합격
남,불합격
남,불합격
남,불합격
남,불합격
남,불합격
남,불합격
남,불합격
남,불합격
남,불합격
남,불합격
남,불합격
남,불합격
남,불합격
남,불합격
남,불합격
남,불합격
남,불합격
남,불합격
남,불합격
남,불합격
남,불합격
남,불합격
남,불합격
여,합격
여,합격
여,합격
여,합격
여,합격
여,합격
여,합격
여,합격
여,합격
여,합격
여,합격
여,합격
여,합격
여,합격
여,합격
여,합격
여,합격
여,합격
여,합격
여,합격
여,합격
여,합격
여,합격
여,합격
여,합격
여,합격
여,합격
여,합격
여,합격
여,합격
여,합격
여,합격
여,합격
여,합격
여,합격
여,합격
여,합격
여,합격
여,합격
여,합격
여,불합격
여,불합격
여,불합격
여,불합격
여,불합격
여,불합격
여,불합격
여,불합격
여,불합격
여,불합격
여,불합격
여,불합격
여,불합격
여,불합격
여,불합격
여,불합격
여,불합격
여,불합격
여,불합격
여,불합격
여,불합격
여,불합격
여,불합격
여,불합격
여,불합격
여,불합격
여,불합격
여,불합격
여,불합격
여,불합격
여,불합격
여,불합격
여,불합격
여,불합격
여,불합격
여,불합격
여,불합격
여,불합격
여,불합격
여,불합격
여,불합격
여,불합격
여,불합격
여,불합격
여,불합격
여,불합격
여,불합격
여,불합격
여,불합격
여,불합격
여,불합격
여,불합격
여,불합격
여,불합격
여,불합격
여,불합격
여,불합격
여,불합격
여,불합격
여,불합격
여,불합격
여,불합격
여,불합격
여,불합격
여,불합격
여,불합격
여,불합격
여,불합격
여,불합격
여,불합격
여,불합격
여,불합격
여,불합격
여,불합격
여,불합격
여,불합격
여,불합격
여,불합격
여,불합격
여,불합격
